{"cameraMode":{"drawMode":0,"name":"Shaded","section":"Shading Mode"},"sceneLighting":false,"audioPlay":false,"sceneViewState":{"m_AlwaysRefresh":false,"showFog":true,"showSkybox":false,"showFlares":true,"showImageEffects":true,"showParticleSystems":true,"showVisualEffectGraphs":true,"m_FxEnabled":true},"in2DMode":false,"pivot":{"x":2.7320683002471926,"y":-5.6577863693237309,"z":-1.7447357177734376},"rotation":{"x":-0.003051290288567543,"y":-0.04622542858123779,"z":-0.001036360627040267,"w":-0.9991011023521423},"size":16.088172912597658,"orthographic":true}