{"cameraMode":{"drawMode":0,"name":"Shaded","section":"Shading Mode"},"sceneLighting":false,"audioPlay":false,"sceneViewState":{"m_AlwaysRefresh":false,"showFog":true,"showSkybox":false,"showFlares":true,"showImageEffects":true,"showParticleSystems":true,"showVisualEffectGraphs":true,"m_FxEnabled":true},"in2DMode":false,"pivot":{"x":0.05062383413314819,"y":-1.7066948413848878,"z":-0.0640869140625},"rotation":{"x":-0.007483030203729868,"y":-0.06744730472564697,"z":-0.0005052959313616157,"w":0.9976981282234192},"size":11.41869831085205,"orthographic":true}