{"cameraMode":{"drawMode":0,"name":"Shaded","section":"Shading Mode"},"sceneLighting":true,"audioPlay":false,"sceneViewState":{"m_AlwaysRefresh":false,"showFog":true,"showSkybox":true,"showFlares":true,"showImageEffects":true,"showParticleSystems":true,"showVisualEffectGraphs":true,"m_FxEnabled":true},"in2DMode":false,"pivot":{"x":1.1792874336242676,"y":3.6425528526306154,"z":4.414546012878418},"rotation":{"x":-0.1020825132727623,"y":-0.03073633834719658,"z":0.003155699698254466,"w":-0.994296669960022},"size":5.8534674644470219,"orthographic":false}