{"cameraMode":{"drawMode":0,"name":"Shaded","section":"Shading Mode"},"sceneLighting":true,"audioPlay":false,"sceneViewState":{"m_AlwaysRefresh":false,"showFog":true,"showSkybox":true,"showFlares":true,"showImageEffects":true,"showParticleSystems":true,"showVisualEffectGraphs":true,"m_FxEnabled":true},"in2DMode":false,"pivot":{"x":4.716041564941406,"y":-5.042339324951172,"z":1.5322189331054688},"rotation":{"x":-0.004512879066169262,"y":-0.0623326301574707,"z":0.00003901048330590129,"w":0.9981831312179565},"size":24.236068725585939,"orthographic":true}