{"cameraMode":{"drawMode":0,"name":"Shaded","section":"Shading Mode"},"sceneLighting":true,"audioPlay":false,"sceneViewState":{"m_AlwaysRefresh":false,"showFog":true,"showSkybox":true,"showFlares":true,"showImageEffects":true,"showParticleSystems":true,"showVisualEffectGraphs":true,"m_FxEnabled":true},"in2DMode":false,"pivot":{"x":-7.260946273803711,"y":1.8382214307785035,"z":6.623185157775879},"rotation":{"x":-0.03326619416475296,"y":0.04705395922064781,"z":-0.0015925192274153233,"w":-0.9983693361282349},"size":8.255552291870118,"orthographic":false}