{"cameraMode":{"drawMode":0,"name":"Shaded","section":"Shading Mode"},"sceneLighting":true,"audioPlay":false,"sceneViewState":{"m_AlwaysRefresh":false,"showFog":true,"showSkybox":true,"showFlares":true,"showImageEffects":true,"showParticleSystems":true,"showVisualEffectGraphs":true,"m_FxEnabled":true},"in2DMode":false,"pivot":{"x":8.22292423248291,"y":13.807400703430176,"z":-4.019256114959717},"rotation":{"x":-0.02262275293469429,"y":-0.11804329603910446,"z":0.0003191935538779944,"w":-0.9929723739624023},"size":21.869356155395509,"orthographic":true}