{"cameraMode":{"drawMode":0,"name":"Shaded","section":"Shading Mode"},"sceneLighting":true,"audioPlay":false,"sceneViewState":{"m_AlwaysRefresh":false,"showFog":true,"showSkybox":true,"showFlares":true,"showImageEffects":true,"showParticleSystems":true,"showVisualEffectGraphs":true,"m_FxEnabled":true},"in2DMode":false,"pivot":{"x":-6.403793811798096,"y":-0.36162281036376955,"z":1.0227603912353516},"rotation":{"x":0.03746899217367172,"y":-0.03446868062019348,"z":0.0012938468717038632,"w":0.9987082481384277},"size":7.798586845397949,"orthographic":false}