{"cameraMode":{"drawMode":0,"name":"Shaded","section":"Shading Mode"},"sceneLighting":true,"audioPlay":false,"sceneViewState":{"m_AlwaysRefresh":false,"showFog":true,"showSkybox":true,"showFlares":true,"showImageEffects":true,"showParticleSystems":true,"showVisualEffectGraphs":true,"m_FxEnabled":true},"in2DMode":false,"pivot":{"x":1.1272342205047608,"y":0.9999995231628418,"z":-11.015710830688477},"rotation":{"x":0.1285981386899948,"y":-0.0261849332600832,"z":-0.003395980456843972,"w":-0.9913492798805237},"size":21.486736297607423,"orthographic":true}