{"cameraMode":{"drawMode":0,"name":"Shaded","section":"Shading Mode"},"sceneLighting":true,"audioPlay":false,"sceneViewState":{"m_AlwaysRefresh":false,"showFog":true,"showSkybox":true,"showFlares":true,"showImageEffects":true,"showParticleSystems":true,"showVisualEffectGraphs":true,"m_FxEnabled":true},"in2DMode":false,"pivot":{"x":-1.7251405715942383,"y":-2.3462371826171877,"z":-0.11623001098632813},"rotation":{"x":0.008952886797487736,"y":0.10630021244287491,"z":-0.0009201883804053068,"w":0.9943380951881409},"size":12.138209342956543,"orthographic":true}