{"cameraMode":{"drawMode":0,"name":"Shaded","section":"Shading Mode"},"sceneLighting":true,"audioPlay":false,"sceneViewState":{"m_AlwaysRefresh":false,"showFog":true,"showSkybox":true,"showFlares":true,"showImageEffects":true,"showParticleSystems":true,"showVisualEffectGraphs":true,"m_FxEnabled":true},"in2DMode":false,"pivot":{"x":4.511826992034912,"y":-1.4059326648712159,"z":36.44593811035156},"rotation":{"x":0.01949658989906311,"y":0.014997095800936222,"z":-0.0002918116806540638,"w":0.9997033476829529},"size":27.436294555664064,"orthographic":false}