{"cameraMode":{"drawMode":0,"name":"Shaded","section":"Shading Mode"},"sceneLighting":true,"audioPlay":false,"sceneViewState":{"m_AlwaysRefresh":false,"showFog":true,"showSkybox":true,"showFlares":true,"showImageEffects":true,"showParticleSystems":true,"showVisualEffectGraphs":true,"m_FxEnabled":true},"in2DMode":false,"pivot":{"x":-27.741073608398439,"y":1.0730745792388917,"z":2.195124626159668},"rotation":{"x":0.0014957466628402472,"y":0.07402516901493073,"z":0.00011281462502665818,"w":-0.9972597360610962},"size":138.20166015625,"orthographic":true}