{"cameraMode":{"drawMode":0,"name":"Shaded","section":"Shading Mode"},"sceneLighting":true,"audioPlay":false,"sceneViewState":{"m_AlwaysRefresh":false,"showFog":true,"showSkybox":true,"showFlares":true,"showImageEffects":true,"showParticleSystems":true,"showVisualEffectGraphs":true,"m_FxEnabled":true},"in2DMode":false,"pivot":{"x":3.8947737216949465,"y":3.090532064437866,"z":-3.923145294189453},"rotation":{"x":-0.06715850532054901,"y":0.09324292838573456,"z":-0.006304420530796051,"w":-0.9934180974960327},"size":96.44960021972656,"orthographic":true}