{"cameraMode":{"drawMode":0,"name":"Shaded","section":"Shading Mode"},"sceneLighting":true,"audioPlay":false,"sceneViewState":{"m_AlwaysRefresh":false,"showFog":true,"showSkybox":true,"showFlares":true,"showImageEffects":true,"showParticleSystems":true,"showVisualEffectGraphs":true,"m_FxEnabled":true},"in2DMode":false,"pivot":{"x":2.129560947418213,"y":3.2385802268981935,"z":-0.0219246968626976},"rotation":{"x":-0.019496824592351915,"y":-0.014996280893683434,"z":-0.00029180070850998163,"w":0.9997027516365051},"size":7.351568222045898,"orthographic":false}