{"cameraMode":{"drawMode":0,"name":"Shaded","section":"Shading Mode"},"sceneLighting":true,"audioPlay":false,"sceneViewState":{"m_AlwaysRefresh":false,"showFog":true,"showSkybox":true,"showFlares":true,"showImageEffects":true,"showParticleSystems":true,"showVisualEffectGraphs":true,"m_FxEnabled":true},"in2DMode":false,"pivot":{"x":-3.8079373836517336,"y":-0.8528546690940857,"z":34.08576965332031},"rotation":{"x":0.016497673466801645,"y":-0.013497420586645604,"z":0.0002234247513115406,"w":0.9997779130935669},"size":20.947031021118165,"orthographic":false}