{"cameraMode":{"drawMode":0,"name":"Shaded","section":"Shading Mode"},"sceneLighting":true,"audioPlay":false,"sceneViewState":{"m_AlwaysRefresh":false,"showFog":true,"showSkybox":true,"showFlares":true,"showImageEffects":true,"showParticleSystems":true,"showVisualEffectGraphs":true,"m_FxEnabled":true},"in2DMode":false,"pivot":{"x":344.07208251953127,"y":1004.4277954101563,"z":1.182373046875},"rotation":{"x":0.03746899217367172,"y":-0.03446868062019348,"z":0.0012938468717038632,"w":0.9987082481384277},"size":362.69036865234377,"orthographic":false}