{"cameraMode":{"drawMode":0,"name":"Shaded","section":"Shading Mode"},"sceneLighting":true,"audioPlay":false,"sceneViewState":{"m_AlwaysRefresh":false,"showFog":true,"showSkybox":true,"showFlares":true,"showImageEffects":true,"showParticleSystems":true,"showVisualEffectGraphs":true,"m_FxEnabled":true},"in2DMode":false,"pivot":{"x":-6.059857368469238,"y":-1.2251853942871094,"z":0.12006187438964844},"rotation":{"x":0.10244443267583847,"y":0.314026802778244,"z":0.03358414024114609,"w":-0.9434352517127991},"size":3.794253349304199,"orthographic":true}