{"cameraMode":{"drawMode":0,"name":"Shaded","section":"Shading Mode"},"sceneLighting":true,"audioPlay":false,"sceneViewState":{"m_AlwaysRefresh":false,"showFog":true,"showSkybox":true,"showFlares":true,"showImageEffects":true,"showParticleSystems":true,"showVisualEffectGraphs":true,"m_FxEnabled":true},"in2DMode":false,"pivot":{"x":9.947578430175782,"y":-3.4466989040374758,"z":0.5239443778991699},"rotation":{"x":0.007489257957786322,"y":0.05007145181298256,"z":0.0003920050512533635,"w":-0.998757541179657},"size":50.440521240234378,"orthographic":true}