{"cameraMode":{"drawMode":0,"name":"Shaded","section":"Shading Mode"},"sceneLighting":true,"audioPlay":false,"sceneViewState":{"m_AlwaysRefresh":false,"showFog":true,"showSkybox":true,"showFlares":true,"showImageEffects":true,"showParticleSystems":true,"showVisualEffectGraphs":true,"m_FxEnabled":true},"in2DMode":false,"pivot":{"x":-6.5318074226379398,"y":3.7253825664520265,"z":-2.36077618598938},"rotation":{"x":0.0180287417024374,"y":0.02728717215359211,"z":-0.0006984552019275725,"w":-0.9996423721313477},"size":25.271617889404298,"orthographic":true}