{"cameraMode":{"drawMode":0,"name":"Shaded","section":"Shading Mode"},"sceneLighting":true,"audioPlay":false,"sceneViewState":{"m_AlwaysRefresh":false,"showFog":true,"showSkybox":true,"showFlares":true,"showImageEffects":true,"showParticleSystems":true,"showVisualEffectGraphs":true,"m_FxEnabled":true},"in2DMode":false,"pivot":{"x":-4.088946342468262,"y":0.7804214954376221,"z":3.2425146102905275},"rotation":{"x":-0.005264682695269585,"y":0.6739112734794617,"z":0.005367181729525328,"w":0.7389484643936157},"size":20.592266082763673,"orthographic":true}