{"cameraMode":{"drawMode":0,"name":"Shaded","section":"Shading Mode"},"sceneLighting":false,"audioPlay":false,"sceneViewState":{"m_AlwaysRefresh":false,"showFog":true,"showSkybox":false,"showFlares":true,"showImageEffects":true,"showParticleSystems":true,"showVisualEffectGraphs":true,"m_FxEnabled":true},"in2DMode":false,"pivot":{"x":3.1363508701324465,"y":-3.3365700244903566,"z":1.1961307525634766},"rotation":{"x":0.1285981386899948,"y":-0.0261849332600832,"z":-0.003395980456843972,"w":-0.9913492798805237},"size":12.034777641296387,"orthographic":true}