{"cameraMode":{"drawMode":0,"name":"Shaded","section":"Shading Mode"},"sceneLighting":false,"audioPlay":false,"sceneViewState":{"m_AlwaysRefresh":false,"showFog":true,"showSkybox":false,"showFlares":true,"showImageEffects":true,"showParticleSystems":true,"showVisualEffectGraphs":true,"m_FxEnabled":true},"in2DMode":false,"pivot":{"x":8.651519775390625,"y":0.5802528858184815,"z":0.00473785400390625},"rotation":{"x":0.1285981386899948,"y":-0.0261849332600832,"z":-0.003395980456843972,"w":-0.9913492798805237},"size":11.610292434692383,"orthographic":true}