{"cameraMode":{"drawMode":0,"name":"Shaded","section":"Shading Mode"},"sceneLighting":false,"audioPlay":false,"sceneViewState":{"m_AlwaysRefresh":false,"showFog":true,"showSkybox":false,"showFlares":true,"showImageEffects":true,"showParticleSystems":true,"showVisualEffectGraphs":true,"m_FxEnabled":true},"in2DMode":false,"pivot":{"x":2.4609832763671877,"y":1.2164525985717774,"z":-0.12302017211914063},"rotation":{"x":0.1285981386899948,"y":-0.0261849332600832,"z":-0.003395980456843972,"w":-0.9913492798805237},"size":15.156829833984375,"orthographic":true}