{"cameraMode":{"drawMode":0,"name":"Shaded","section":"Shading Mode"},"sceneLighting":false,"audioPlay":false,"sceneViewState":{"m_AlwaysRefresh":false,"showFog":true,"showSkybox":false,"showFlares":true,"showImageEffects":true,"showParticleSystems":true,"showVisualEffectGraphs":true,"m_FxEnabled":true},"in2DMode":false,"pivot":{"x":4.798978805541992,"y":2.0003139972686769,"z":-0.283782958984375},"rotation":{"x":-0.016491448506712915,"y":0.0077494531869888309,"z":-0.0013327274937182665,"w":-1.000010371208191},"size":11.162487983703614,"orthographic":true}