{"cameraMode":{"drawMode":0,"name":"Shaded","section":"Shading Mode"},"sceneLighting":false,"audioPlay":false,"sceneViewState":{"m_AlwaysRefresh":false,"showFog":true,"showSkybox":false,"showFlares":true,"showImageEffects":true,"showParticleSystems":true,"showVisualEffectGraphs":true,"m_FxEnabled":true},"in2DMode":false,"pivot":{"x":3.251549243927002,"y":-3.0641908645629885,"z":-0.12445831298828125},"rotation":{"x":0.0180287417024374,"y":0.02728717215359211,"z":-0.0006984552019275725,"w":-0.9996423721313477},"size":14.167279243469239,"orthographic":true}