{"cameraMode":{"drawMode":0,"name":"Shaded","section":"Shading Mode"},"sceneLighting":false,"audioPlay":false,"sceneViewState":{"m_AlwaysRefresh":false,"showFog":true,"showSkybox":false,"showFlares":true,"showImageEffects":true,"showParticleSystems":true,"showVisualEffectGraphs":true,"m_FxEnabled":true},"in2DMode":false,"pivot":{"x":1.1297063827514649,"y":-1.7542657852172852,"z":-0.03262138366699219},"rotation":{"x":0.1285981386899948,"y":-0.0261849332600832,"z":-0.003395980456843972,"w":-0.9913492798805237},"size":8.176865577697754,"orthographic":true}