{"cameraMode":{"drawMode":0,"name":"Shaded","section":"Shading Mode"},"sceneLighting":false,"audioPlay":false,"sceneViewState":{"m_AlwaysRefresh":false,"showFog":true,"showSkybox":false,"showFlares":true,"showImageEffects":true,"showParticleSystems":true,"showVisualEffectGraphs":true,"m_FxEnabled":true},"in2DMode":false,"pivot":{"x":4.62880802154541,"y":-1.5863282680511475,"z":0.3508338928222656},"rotation":{"x":-0.004394682589918375,"y":0.07819712162017822,"z":-0.0015243352390825749,"w":-0.9971005320549011},"size":20.96624183654785,"orthographic":true}